Heads,Dim,LR,BatchSize,HiddenSize,Patience,Accuracy,GP,GR,FS,OE
4,128,1e-4,4,128,10,0.4200,0.6774193548387096,0.525,0.5915492957746479,0.12
4,128,1e-4,4,256,10,0.4600,0.6388888888888888,0.6216216216216216,0.6301369863013699,0.12
4,128,1e-4,8,128,10,0.4600,0.6216216216216216,0.6388888888888888,0.6301369863013699,0.12
4,128,1e-4,8,256,10,0.4200,0.5384615384615384,0.65625,0.5915492957746479,0.12
4,128,1e-4,16,128,10,0.6400,0.7804878048780488,0.7804878048780488,0.7804878048780488,0.1
4,128,1e-4,16,256,10,0.4200,0.5833333333333334,0.6,0.591549295774648,0.1
4,128,1e-4,32,128,10,0.5400,0.675,0.7297297297297297,0.7012987012987014,0.1
4,128,1e-4,32,256,10,0.4800,0.6486486486486487,0.6486486486486487,0.6486486486486487,0.12
4,128,1e-5,4,128,10,0.4800,0.7272727272727273,0.5853658536585366,0.6486486486486487,0.08
4,128,1e-5,4,256,10,0.4800,0.8,0.5454545454545454,0.6486486486486486,0.12
4,128,1e-5,8,128,10,0.4200,0.7,0.5121951219512195,0.5915492957746479,0.14
4,128,1e-5,8,256,10,0.5200,0.7647058823529411,0.6190476190476191,0.6842105263157895,0.12
4,128,1e-5,16,128,10,0.4400,0.6875,0.55,0.6111111111111112,0.16
4,128,1e-5,16,256,10,0.5200,0.7647058823529411,0.6190476190476191,0.6842105263157895,0.14
4,128,1e-5,32,128,10,0.4400,0.6470588235294118,0.5789473684210527,0.6111111111111113,0.14
4,128,1e-5,32,256,10,0.3600,0.5294117647058824,0.5294117647058824,0.5294117647058824,0.12
4,128,5e-5,4,128,10,0.4800,0.7741935483870968,0.5581395348837209,0.6486486486486487,0.1
4,128,5e-5,4,256,10,0.4200,0.6,0.5833333333333334,0.591549295774648,0.1
4,128,5e-5,8,128,10,0.5800,0.7631578947368421,0.7073170731707317,0.7341772151898733,0.12
4,128,5e-5,8,256,10,0.5600,0.8,0.6511627906976745,0.7179487179487181,0.14
4,128,5e-5,16,128,10,0.6200,0.8378378378378378,0.7045454545454546,0.7654320987654323,0.12
4,128,5e-5,16,256,10,0.4600,0.696969696969697,0.575,0.6301369863013698,0.14
4,128,5e-5,32,128,10,0.5400,0.9,0.574468085106383,0.7012987012987012,0.16
4,128,5e-5,32,256,10,0.4600,0.6571428571428571,0.6052631578947368,0.6301369863013698,0.14
