Heads,Dim,LR,BatchSize,MaxLen,Patience,Accuracy,GP,GR,FS,OE
2,64,1e-4,16,200,10,0.4400,0.6470588235294118,0.5789473684210527,0.6111111111111113,0.1
2,128,1e-4,16,200,10,0.5400,0.75,0.6585365853658537,0.7012987012987012,0.1
2,256,1e-4,16,200,10,0.4400,0.5789473684210527,0.6470588235294118,0.6111111111111113,0.08
4,64,1e-4,16,200,10,0.5200,0.7222222222222222,0.65,0.6842105263157895,0.1
4,128,1e-4,16,200,10,0.6400,0.7804878048780488,0.7804878048780488,0.7804878048780488,0.1
4,256,1e-4,16,200,10,0.4600,0.6216216216216216,0.6388888888888888,0.6301369863013699,0.1
8,64,1e-4,16,200,10,0.5000,0.6578947368421053,0.6756756756756757,0.6666666666666667,0.1
8,128,1e-4,16,200,10,0.5000,0.6944444444444444,0.6410256410256411,0.6666666666666666,0.08
8,256,1e-4,16,200,10,0.4600,0.6571428571428571,0.6052631578947368,0.6301369863013698,0.1
