exp,Acc,F1,GP,GR
Exp-0_Full,0.64,0.7804878048780488,0.7804878048780488,0.7804878048780488
Exp-1_no_Temp,0.38,0.5507246376811594,0.5757575757575758,0.5277777777777778
Exp-2_no_Cross,0.46,0.6301369863013698,0.6571428571428571,0.6052631578947368
Exp-3_no_Dual,0.42,0.591549295774648,0.6,0.5833333333333334
Exp-4_Fixed,0.48,0.6486486486486486,0.7058823529411765,0.6
Exp-5_MLP,0.46,0.6301369863013698,0.696969696969697,0.575
Exp-6_1Layer_MoE,0.58,0.7341772151898733,0.7435897435897436,0.725
Exp-7_no_Feat,0.38,0.5507246376811595,0.5,0.6129032258064516
Exp-8_CE_Loss,0.46,0.6301369863013699,0.7419354838709677,0.5476190476190477
